age_group,top_platform,top_content,avg_views,avg_likes,avg_engagement,total_posts,top_purchase_category,avg_spend,avg_screen_time,top_impulse_freq,total_transactions
18-24,tiktok,video,2506603.712697484,255696.61380924517,low,1709,beauty,501.00671140939596,4.305369127516778,often,149
25-34,twitter,post,2456688.4139316813,249524.18352310784,low,1493,clothing,478.2758620689655,3.1591133004926104,sometimes,203
35-50,twitter,live stream,2563239.0991926184,251113.78892733564,medium,867,clothing,450.5970149253731,2.5226865671641794,sometimes,335
50+,youtube,tweet,2508652.3509749305,249628.91086350975,high,359,clothing,425.9105431309904,1.7642172523961663,rarely,313
